Question,Choice A,Choice B,Choice C,Choice D,Correct Answer,Explanation,Topic
Which structure contains fungal spores?,Hypha,Sporangium,Capsule,Flagellum,Sporangium,The sporangium is the sac-like structure in which spores are produced and held.,Fungi
Which organelle produces most cellular ATP?,Nucleus,Mitochondria,Ribosome,Golgi apparatus,Mitochondria,Mitochondria generate most ATP through oxidative phosphorylation.,Cell Biology
What is the most abundant bacterial phylum in the healthy human gut?,Firmicutes,Proteobacteria,Cyanobacteria,Spirochaetes,Firmicutes,Firmicutes and Bacteroidetes together dominate the healthy adult gut microbiome.,Microbiome
Which technique is used to identify bacteria by sequencing a conserved gene?,Gram staining,16S rRNA sequencing,Western blot,Flow cytometry,16S rRNA sequencing,The 16S rRNA gene is conserved enough to amplify broadly but variable enough to distinguish taxa.,Microbiome
Which fungal genus is a common cause of invasive infection in immunocompromised patients?,Aspergillus,Saccharomyces,Rhizopus,Penicillium,Aspergillus,Aspergillus fumigatus is the leading cause of invasive aspergillosis.,Fungi
What temperature is optimal for growth of most mesophilic bacteria?,4 C,25 C,37 C,60 C,37 C,Mesophiles grow best between roughly 20 and 45 C with many human-associated species optimal near 37 C.,Microbiology
Which viral genome type does influenza have?,Double-stranded DNA,Single-stranded positive-sense RNA,Segmented single-stranded negative-sense RNA,Circular DNA,Segmented single-stranded negative-sense RNA,Influenza has eight negative-sense RNA segments which enables reassortment.,Viruses
What does a bacteriophage infect?,Fungi,Bacteria,Protozoa,Plant cells,Bacteria,Bacteriophages are viruses that specifically infect bacteria.,Viruses
Which molecule makes up the bacterial cell wall peptidoglycan backbone?,Cellulose,Chitin,N-acetylglucosamine and N-acetylmuramic acid,Keratin,N-acetylglucosamine and N-acetylmuramic acid,Alternating NAG and NAM sugars cross-linked by peptides form peptidoglycan.,Microbiology
Which short-chain fatty acid is the preferred energy source of colonocytes?,Acetate,Butyrate,Propionate,Lactate,Butyrate,Butyrate produced by gut bacteria is the primary fuel for colonic epithelial cells.,Microbiome
